Event ID,Event Name,Date,City,State,Finishers,Males,Females,Male Win,Female Win,Average Time,Time STD
41191027,Marine Corps Marathon,"October 27, 2019",Washington,DC,18512,10012,8500,2:27:43,2:44:47,5:06:45,0:53:38
41181028,Marine Corps Marathon,"October 28, 2018",Washington,DC,20699,11042,9657,2:22:50,2:40:20,4:55:29,0:53:18
41171022,Marine Corps Marathon,"October 22, 2017",Washington,DC,20122,10809,9313,2:25:14,2:45:07,5:03:14,0:55:14
41161030,Marine Corps Marathon,"October 30, 2016",Washington,DC,19724,10635,9089,2:23:53,2:51:48,5:03:33,0:57:25
41151025,Marine Corps Marathon,"October 25, 2015",Washington,DC,23197,12769,10428,2:24:25,2:45:56,4:54:41,0:53:45
41141026,Marine Corps Marathon,"October 26, 2014",Washington,DC,19661,11083,8578,2:22:12,2:51:47,4:52:16,0:53:03
41131027,Marine Corps Marathon,"October 27, 2013",Washington,DC,23513,13533,9980,2:21:31,2:42:15,4:44:15,0:51:42
41121028,Marine Corps Marathon,"October 28, 2012",Washington,DC,23519,13524,9995,2:20:20,2:42:03,4:46:05,0:49:43
41111030,Marine Corps Marathon,"October 30, 2011",Washington,DC,20895,12365,8530,2:19:16,2:45:28,4:43:23,0:50:40
41101031,Marine Corps Marathon,"October 31, 2010",Washington,DC,21874,13207,8667,2:23:30,2:39:19,4:44:50,0:51:18
41091025,Marine Corps Marathon,"October 25, 2009",Washington,DC,20882,12606,8276,2:21:47,2:49:48,4:41:28,0:50:20
41081026,Marine Corps Marathon,"October 26, 2008",Washington,DC,18219,11083,7136,2:22:44,2:48:55,4:40:44,0:49:15
41071028,Marine Corps Marathon,"October 28, 2007",Washington,DC,20622,12571,8051,2:22:20,2:51:14,4:41:12,0:51:00
41061029,Marine Corps Marathon,"October 29, 2006",Washington,DC,20879,12782,8097,2:21:21,3:00:23,4:43:42,0:49:36
41051030,Marine Corps Marathon,"October 30, 2005",Washington,DC,19110,11293,7817,2:22:18,2:47:10,4:50:24,0:52:51
41041031,Marine Corps Marathon,"October 31, 2004",Washington,DC,16379,9686,6693,2:25:35,2:48:31,4:57:19,0:51:12
41031026,Marine Corps Marathon,"October 26, 2003",Washington,DC,15957,9752,6205,2:25:07,2:37:59,4:48:53,0:48:32
41021027,Marine Corps Marathon,"October 27, 2002",Washington,DC,14086,8649,5437,2:25:01,2:57:27,4:41:34,0:48:35
41011028,Marine Corps Marathon,"October 28, 2001",Washington,DC,14241,8485,5756,2:28:28,2:48:13,4:38:53,0:48:41
41001022,Marine Corps Marathon,"October 22, 2000",Washington,DC,17007,10375,6632,2:25:50,2:47:52,4:44:46,0:50:29
21190505,Vancouver International Marathon,"May 5, 2019",Vancouver,BC,4235,2714,1521,2:15:01,2:41:28,4:26:37,0:48:48
21180506,Vancouver International Marathon,"May 6, 2018",Vancouver,BC,3753,2357,1396,2:27:38,2:43:50,4:33:31,0:50:04
21170507,Vancouver International Marathon,"May 7, 2017",Vancouver,BC,3576,2186,1390,2:19:09,2:39:37,4:23:35,0:47:36
21160501,Vancouver International Marathon,"May 1, 2016",Vancouver,BC,3773,2272,1501,2:21:04,2:39:52,4:28:38,0:48:41
21150503,Vancouver International Marathon,"May 3, 2015",Vancouver,BC,3575,2128,1447,2:18:37,2:37:37,4:24:32,0:49:12
21140504,Vancouver International Marathon,"May 4, 2014",Vancouver,BC,3779,2154,1625,2:21:08,2:36:59,4:18:24,0:45:09
21130505,Vancouver International Marathon,"May 5, 2013",Vancouver,BC,3881,2168,1713,2:24:08,2:40:33,4:25:19,0:47:39
21120506,Vancouver International Marathon,"May 6, 2012",Vancouver,BC,4232,2396,1836,2:21:50,2:42:15,4:22:00,0:47:57
21110501,Vancouver International Marathon,"May 1, 2011",Vancouver,BC,3218,1822,1396,2:19:59,2:43:38,4:21:33,0:48:23
21100502,Vancouver International Marathon,"May 2, 2010",Vancouver,BC,3297,1879,1418,2:16:55,2:37:16,4:17:48,0:47:01
21090503,Vancouver International Marathon,"May 3, 2009",Vancouver,BC,2926,1658,1268,2:28:26,2:46:24,4:17:06,0:45:06
21080504,Vancouver International Marathon,"May 4, 2008",Vancouver,BC,3060,1785,1275,2:15:57,2:37:52,4:15:48,0:41:54
21070506,Vancouver International Marathon,"May 6, 2007",Vancouver,BC,3077,1786,1291,2:25:23,2:35:46,4:13:00,0:40:49
21060507,Vancouver International Marathon,"May 7, 2006",Vancouver,BC,3550,2000,1550,2:18:29,2:37:06,4:16:25,0:40:40
21050501,Vancouver International Marathon,"May 1, 2005",Vancouver,BC,4012,2263,1749,2:15:40,2:44:05,4:16:15,0:40:14
21040502,Vancouver International Marathon,"May 2, 2004",Vancouver,BC,4399,2456,1943,2:18:24,2:44:43,4:22:17,0:48:52
21030504,Vancouver International Marathon,"May 4, 2003",Vancouver,BC,4342,2330,2012,2:20:22,2:46:22,4:24:55,0:54:26
21020505,Vancouver International Marathon,"May 5, 2002",Vancouver,BC,3789,2047,1742,2:17:01,2:45:46,4:22:54,0:55:03
21010506,Vancouver International Marathon,"May 6, 2001",Vancouver,BC,3405,1913,1492,2:18:56,2:45:51,4:18:26,0:52:38
1287191020,Toronto Waterfront Marathon,"October 20, 2019",Toronto,ON,3833,2636,1197,2:05:00,2:22:16,4:12:00,0:49:12
1287181021,Toronto Waterfront Marathon,"October 21, 2018",Toronto,ON,3529,2384,1145,2:07:24,2:22:29,4:09:38,0:47:29
1287171022,Toronto Waterfront Marathon,"October 22, 2017",Toronto,ON,3967,2578,1389,2:06:51,2:28:17,4:21:39,0:48:53
1287161016,Toronto Waterfront Marathon,"October 16, 2016",Toronto,ON,3707,2339,1368,2:08:25,2:25:15,4:22:28,0:47:36
1287151018,Toronto Waterfront Marathon,"October 18, 2015",Toronto,ON,3751,2460,1291,2:09:00,2:23:37,4:20:12,0:51:24
1287141019,Toronto Waterfront Marathon,"October 19, 2014",Toronto,ON,3969,2545,1424,2:08:15,2:23:15,4:09:33,0:44:28
1287131020,Toronto Waterfront Marathon,"October 20, 2013",Toronto,ON,3588,2320,1268,2:07:05,2:25:13,4:11:55,0:44:51
1287121014,Toronto Waterfront Marathon,"October 14, 2012",Toronto,ON,3242,2091,1151,2:10:35,2:28:55,4:16:41,0:45:36
1287111016,Toronto Waterfront Marathon,"October 16, 2011",Toronto,ON,3858,2482,1376,2:09:48,2:22:40,4:13:04,0:45:57
1287100926,Toronto Waterfront Marathon,"September 26, 2010",Toronto,ON,2667,1654,1013,2:07:57,2:22:40,4:10:01,0:43:58
1287090927,Toronto Waterfront Marathon,"September 27, 2009",Toronto,ON,2846,1782,1064,2:08:30,2:28:28,4:16:29,0:44:43
1287080928,Toronto Waterfront Marathon,"September 28, 2008",Toronto,ON,2457,1520,937,2:11:00,2:29:05,4:15:18,0:43:50
1287070930,Toronto Waterfront Marathon,"September 30, 2007",Toronto,ON,2040,1348,692,2:09:29,2:33:15,4:11:59,0:46:56
1287060924,Toronto Waterfront Marathon,"September 24, 2006",Toronto,ON,1841,1162,679,2:10:14,2:34:31,4:13:13,0:46:24
1287050925,Toronto Waterfront Marathon,"September 25, 2005",Toronto,ON,2030,1290,740,2:11:56,2:36:30,4:17:26,0:48:41
1287040926,Toronto Waterfront Marathon,"September 26, 2004",Toronto,ON,1690,1011,679,2:14:50,2:36:31,4:14:42,0:46:16
1287030928,Toronto Waterfront Marathon,"September 28, 2003",Toronto,ON,795,515,280,2:17:50,2:36:19,4:04:12,0:39:47
1287020915,Toronto Waterfront Marathon,"September 15, 2002",Toronto,ON,581,402,179,2:25:24,2:36:56,4:05:16,0:36:53
57211002,St. George Marathon,"October 2, 2021",St. George,UT,3212,1796,1416,2:15:06,2:32:45,4:22:09,0:54:08
57191005,St. George Marathon,"October 5, 2019",St. George,UT,3966,2174,1792,2:18:07,2:34:19,4:23:46,0:56:37
57181006,St. George Marathon,"October 6, 2018",St. George,UT,3999,2195,1804,2:16:18,2:38:04,4:21:54,0:53:38
57171007,St. George Marathon,"October 7, 2017",St. George,UT,4720,2504,2216,2:14:45,2:41:16,4:22:43,0:54:45
57161001,St. George Marathon,"October 1, 2016",St. George,UT,5417,2886,2531,2:16:09,2:40:45,4:28:51,0:55:18
57151003,St. George Marathon,"October 3, 2015",St. George,UT,5462,2920,2542,2:19:30,2:43:14,4:22:11,0:53:19
57141004,St. George Marathon,"October 4, 2014",St. George,UT,5799,3074,2725,2:19:06,2:43:28,4:21:33,0:53:28
57131005,St. George Marathon,"October 5, 2013",St. George,UT,5819,3163,2656,2:15:56,2:37:08,4:16:26,0:52:40
57121006,St. George Marathon,"October 6, 2012",St. George,UT,5696,3106,2590,2:21:14,2:43:00,4:19:30,0:51:04
57111001,St. George Marathon,"October 1, 2011",St. George,UT,5700,3157,2543,2:24:43,2:44:00,4:25:14,0:51:37
57101002,St. George Marathon,"October 2, 2010",St. George,UT,5697,3240,2457,2:22:08,2:45:15,4:24:33,0:52:56
57091003,St. George Marathon,"October 3, 2009",St. George,UT,5618,3145,2473,2:21:03,2:48:29,4:15:13,0:49:42
57081004,St. George Marathon,"October 4, 2008",St. George,UT,5030,2850,2180,2:22:22,2:49:49,4:17:34,0:49:44
57071006,St. George Marathon,"October 6, 2007",St. George,UT,5155,2926,2229,2:16:42,2:36:06,4:11:42,0:49:41
57061007,St. George Marathon,"October 7, 2006",St. George,UT,4761,2731,2030,2:18:25,2:37:19,4:15:49,0:50:11
57051001,St. George Marathon,"October 1, 2005",St. George,UT,4610,2663,1947,2:22:23,2:42:58,4:19:17,0:51:16
57041002,St. George Marathon,"October 2, 2004",St. George,UT,4587,2722,1865,2:23:37,2:44:55,4:16:49,0:49:27
57031004,St. George Marathon,"October 4, 2003",St. George,UT,4433,2640,1793,2:20:35,2:40:25,4:14:16,0:47:43
57021005,St. George Marathon,"October 5, 2002",St. George,UT,4226,2506,1720,2:16:24,2:43:44,4:12:16,0:47:51
57011006,St. George Marathon,"October 6, 2001",St. George,UT,4044,2527,1517,2:20:43,2:43:58,4:12:54,0:47:08
57001007,St. George Marathon,"October 7, 2000",St. George,UT,4153,2513,1640,2:21:06,2:51:02,4:13:04,0:47:09
474211128,Seattle Marathon,"November 28, 2021",Seattle,WA,1030,713,317,2:29:32,2:56:45,4:24:37,0:50:39
474191201,Seattle Marathon,"December 1, 2019",Seattle,WA,1756,1192,564,2:33:17,3:04:00,4:24:14,0:51:33
474181125,Seattle Marathon,"November 25, 2018",Seattle,WA,1461,968,493,2:27:21,2:54:49,4:25:41,0:55:46
474171126,Seattle Marathon,"November 26, 2017",Seattle,WA,1439,900,539,2:34:04,3:05:37,4:36:56,0:59:15
474161127,Seattle Marathon,"November 27, 2016",Seattle,WA,1596,978,618,2:33:58,2:55:10,4:28:33,0:57:17
474151129,Seattle Marathon,"November 29, 2015",Seattle,WA,1716,1071,645,2:38:15,2:58:39,4:28:23,0:57:06
474141130,Seattle Marathon,"November 30, 2014",Seattle,WA,1867,1193,674,2:34:21,2:57:30,4:32:06,0:58:13
474131201,Seattle Marathon,"December 1, 2013",Seattle,WA,2205,1385,820,2:32:24,2:58:25,4:29:52,0:53:53
474121125,Seattle Marathon,"November 25, 2012",Seattle,WA,2239,1428,811,2:28:26,2:47:04,4:23:04,0:53:04
474111127,Seattle Marathon,"November 27, 2011",Seattle,WA,2047,1306,741,2:29:54,3:03:39,4:24:24,0:48:14
474101128,Seattle Marathon,"November 28, 2010",Seattle,WA,2505,1546,959,2:30:53,3:04:16,4:21:16,0:46:37
474091129,Seattle Marathon,"November 29, 2009",Seattle,WA,2229,1430,799,2:32:26,2:58:58,4:20:37,0:47:53
474081130,Seattle Marathon,"November 30, 2008",Seattle,WA,2128,1356,772,2:33:54,3:02:04,4:21:14,0:46:56
474071125,Seattle Marathon,"November 25, 2007",Seattle,WA,2012,1263,749,2:27:11,2:59:19,4:23:34,0:57:09
474061126,Seattle Marathon,"November 26, 2006",Seattle,WA,2052,1311,741,2:27:51,3:01:36,4:22:31,0:46:21
474051127,Seattle Marathon,"November 27, 2005",Seattle,WA,2248,1407,841,2:24:24,3:07:44,4:21:50,0:56:29
474041128,Seattle Marathon,"November 28, 2004",Seattle,WA,2262,1441,821,2:29:36,2:53:11,4:43:31,1:01:19
474031130,Seattle Marathon,"November 30, 2003",Seattle,WA,1975,1270,705,2:32:21,2:57:23,4:18:19,0:46:05
474021201,Seattle Marathon,"December 1, 2002",Seattle,WA,2227,1324,903,2:26:32,2:51:15,4:33:14,1:08:46
474011125,Seattle Marathon,"November 25, 2001",Seattle,WA,1669,1138,531,2:24:38,2:49:25,4:15:27,0:44:04
474001126,Seattle Marathon,"November 26, 2000",Seattle,WA,1890,1224,666,2:27:13,2:30:36,4:15:48,0:49:07
3226190609,Rock 'n' Roll Seattle Marathon,"June 9, 2019",Seattle,WA,1551,948,603,2:36:12,2:59:14,4:40:32,0:48:26
3226180610,Rock 'n' Roll Seattle Marathon,"June 10, 2018",Seattle,WA,1736,1068,668,2:33:22,3:04:08,4:34:50,0:49:24
3226170618,Rock 'n' Roll Seattle Marathon,"June 18, 2017",Seattle,WA,2441,1401,1040,2:38:55,2:45:36,4:42:00,0:52:48
3226160618,Rock 'n' Roll Seattle Marathon,"June 18, 2016",Seattle,WA,2571,1488,1083,2:26:01,2:51:45,4:33:34,0:44:15
3226150613,Rock 'n' Roll Seattle Marathon,"June 13, 2015",Seattle,WA,2037,1127,910,2:26:13,2:54:53,4:38:22,0:50:16
3226140621,Rock 'n' Roll Seattle Marathon,"June 21, 2014",Seattle,WA,2210,1207,1003,2:24:51,2:51:17,4:38:36,0:50:24
3226130622,Rock 'n' Roll Seattle Marathon,"June 22, 2013",Seattle,WA,2355,1326,1029,2:29:53,2:52:40,4:39:53,0:51:24
3226120623,Rock 'n' Roll Seattle Marathon,"June 23, 2012",Seattle,WA,3089,1655,1434,2:31:47,2:41:38,4:37:30,0:49:19
3226110625,Rock 'n' Roll Seattle Marathon,"June 25, 2011",Seattle,WA,3500,1874,1626,2:24:50,2:50:17,4:35:43,0:50:06
3226100626,Rock 'n' Roll Seattle Marathon,"June 26, 2010",Seattle,WA,4080,2061,2019,2:18:19,2:43:05,4:41:30,0:52:57
3226090627,Rock 'n' Roll Seattle Marathon,"June 27, 2009",Seattle,WA,5602,2543,3059,2:18:17,2:38:37,4:45:15,0:56:42
521210919,San Francisco Marathon,"September 19, 2021",San Francisco,CA,3181,2297,884,2:20:42,2:34:25,4:37:49,0:51:10
521190728,San Francisco Marathon,"July 28, 2019",San Francisco,CA,5090,3522,1568,2:25:25,2:47:01,4:41:26,0:53:02
521180729,San Francisco Marathon,"July 29, 2018",San Francisco,CA,5242,3545,1697,2:27:56,2:54:09,4:34:19,0:50:04
521170723,San Francisco Marathon,"July 23, 2017",San Francisco,CA,6511,4172,2339,2:28:23,2:52:49,4:45:30,0:52:01
521160731,San Francisco Marathon,"July 31, 2016",San Francisco,CA,6258,4122,2136,2:30:42,2:49:51,4:41:50,0:53:04
521150726,San Francisco Marathon,"July 26, 2015",San Francisco,CA,6025,3987,2038,2:26:22,2:49:42,4:39:07,0:50:37
521140727,San Francisco Marathon,"July 27, 2014",San Francisco,CA,6625,4314,2311,2:32:17,2:47:51,4:41:53,0:51:53
521130616,San Francisco Marathon,"June 16, 2013",San Francisco,CA,5763,3867,1896,2:25:15,2:42:26,4:34:11,0:49:21
521120729,San Francisco Marathon,"July 29, 2012",San Francisco,CA,6440,4306,2134,2:26:44,2:44:02,4:32:45,0:48:47
521110731,San Francisco Marathon,"July 31, 2011",San Francisco,CA,5999,3998,2001,2:27:06,2:50:24,4:30:37,1:07:24
521100725,San Francisco Marathon,"July 25, 2010",San Francisco,CA,5942,3891,2051,2:23:29,2:51:55,4:31:30,0:47:28
521090726,San Francisco Marathon,"July 26, 2009",San Francisco,CA,5036,3326,1710,2:26:32,2:46:34,4:31:48,0:47:39
521080803,San Francisco Marathon,"August 3, 2008",San Francisco,CA,4354,2874,1480,2:31:52,2:52:33,4:33:06,0:49:08
521070729,San Francisco Marathon,"July 29, 2007",San Francisco,CA,4250,2805,1445,2:25:57,2:43:41,4:31:30,0:47:01
521060730,San Francisco Marathon,"July 30, 2006",San Francisco,CA,4021,2693,1328,2:26:46,2:54:55,4:34:31,0:48:56
521050731,San Francisco Marathon,"July 31, 2005",San Francisco,CA,4873,3125,1748,2:31:57,2:56:55,4:35:51,0:51:55
521040801,San Francisco Marathon,"August 1, 2004",San Francisco,CA,2665,1755,910,2:33:41,2:50:21,4:32:22,0:50:49
521030727,San Francisco Marathon,"July 27, 2003",San Francisco,CA,1891,1267,624,2:35:08,3:01:56,4:23:57,0:47:45
521020728,San Francisco Marathon,"July 28, 2002",San Francisco,CA,1920,1311,609,2:31:46,2:50:11,4:21:42,0:44:25
521010708,San Francisco Marathon,"July 8, 2001",San Francisco,CA,2249,1474,775,2:30:53,3:12:10,4:23:40,0:42:39
521000709,San Francisco Marathon,"July 9, 2000",San Francisco,CA,2345,1502,843,2:32:49,3:08:15,4:23:14,0:40:57
27211024,Rock 'n' Roll San Diego Marathon,"October 24, 2021",San Diego,CA,2558,1678,880,2:41:45,2:50:30,4:50:04,0:58:11
27190602,Rock 'n' Roll San Diego Marathon,"June 2, 2019",San Diego,CA,3574,2215,1359,2:25:50,2:57:49,4:47:26,0:57:20
27180603,Rock 'n' Roll San Diego Marathon,"June 3, 2018",San Diego,CA,4017,2420,1597,2:33:25,2:55:22,5:06:48,1:03:18
27170604,Rock 'n' Roll San Diego Marathon,"June 4, 2017",San Diego,CA,5321,3015,2306,2:21:17,2:48:47,4:57:36,1:00:01
27160605,Rock 'n' Roll San Diego Marathon,"June 5, 2016",San Diego,CA,5793,3195,2598,2:26:39,2:56:16,4:54:30,0:57:40
27150531,Rock 'n' Roll San Diego Marathon,"May 31, 2015",San Diego,CA,4218,2426,1792,2:37:02,2:41:39,4:45:24,0:54:51
27140601,Rock 'n' Roll San Diego Marathon,"June 1, 2014",San Diego,CA,5285,3061,2224,2:23:50,2:44:27,4:48:19,0:53:12
27130602,Rock 'n' Roll San Diego Marathon,"June 2, 2013",San Diego,CA,6542,3762,2780,2:15:00,2:35:05,4:40:47,0:53:56
27120603,Rock 'n' Roll San Diego Marathon,"June 3, 2012",San Diego,CA,7086,3711,3375,2:10:03,2:27:44,4:44:54,0:56:07
27110605,Rock 'n' Roll San Diego Marathon,"June 5, 2011",San Diego,CA,8267,4255,4012,2:11:18,2:23:31,4:51:13,0:59:22
27100606,Rock 'n' Roll San Diego Marathon,"June 6, 2010",San Diego,CA,10625,5120,5505,2:09:56,2:27:38,4:57:30,0:57:51
27090531,Rock 'n' Roll San Diego Marathon,"May 31, 2009",San Diego,CA,13291,6828,6463,2:11:16,2:27:37,4:52:23,0:59:14
27080601,Rock 'n' Roll San Diego Marathon,"June 1, 2008",San Diego,CA,16373,7948,8425,2:10:07,2:28:23,5:01:08,1:01:01
27070603,Rock 'n' Roll San Diego Marathon,"June 3, 2007",San Diego,CA,15958,7729,8229,2:09:04,2:32:40,4:59:11,1:02:40
27060604,Rock 'n' Roll San Diego Marathon,"June 4, 2006",San Diego,CA,15771,7357,8414,2:10:08,2:28:21,5:01:04,1:03:18
27050605,Rock 'n' Roll San Diego Marathon,"June 5, 2005",San Diego,CA,15934,7467,8467,2:09:17,2:30:55,5:00:33,1:04:12
27040606,Rock 'n' Roll San Diego Marathon,"June 6, 2004",San Diego,CA,16369,7312,9057,2:11:04,2:29:36,5:01:31,1:02:50
27030601,Rock 'n' Roll San Diego Marathon,"June 1, 2003",San Diego,CA,16185,7423,8762,2:09:38,2:29:52,4:57:20,1:05:02
27020602,Rock 'n' Roll San Diego Marathon,"June 2, 2002",San Diego,CA,15427,7106,8321,2:09:02,2:29:57,4:57:47,1:04:02
27010603,Rock 'n' Roll San Diego Marathon,"June 3, 2001",San Diego,CA,14932,6718,8214,2:10:07,2:25:05,4:55:57,1:03:03
27000604,Rock 'n' Roll San Diego Marathon,"June 4, 2000",San Diego,CA,15160,6814,8346,2:12:45,2:27:05,4:59:42,1:01:20
687191208,California International Marathon,"December 8, 2019",Sacramento,CA,7504,4228,3276,2:13:36,2:29:31,4:05:18,0:59:14
687181202,California International Marathon,"December 2, 2018",Sacramento,CA,7830,4186,3644,2:12:39,2:28:19,3:54:57,0:46:13
687171203,California International Marathon,"December 3, 2017",Sacramento,CA,6543,3469,3074,2:11:56,2:28:10,4:16:23,0:52:57
687161204,California International Marathon,"December 4, 2016",Sacramento,CA,6174,3336,2838,2:11:41,2:31:20,4:17:11,0:54:45
687151206,California International Marathon,"December 6, 2015",Sacramento,CA,5629,3017,2612,2:12:11,2:31:50,4:16:44,0:54:41
687141207,California International Marathon,"December 7, 2014",Sacramento,CA,5777,3212,2565,2:11:56,2:27:33,4:15:15,0:53:27
687131208,California International Marathon,"December 8, 2013",Sacramento,CA,6206,3420,2786,2:14:31,2:30:38,4:16:28,0:52:57
687121202,California International Marathon,"December 2, 2012",Sacramento,CA,6186,3350,2836,2:16:29,2:34:57,4:24:11,0:52:45
687111204,California International Marathon,"December 4, 2011",Sacramento,CA,5755,3271,2484,2:11:50,2:33:40,4:13:41,0:50:51
687101205,California International Marathon,"December 5, 2010",Sacramento,CA,5879,3330,2549,2:12:39,2:32:13,4:17:30,0:49:23
687091206,California International Marathon,"December 6, 2009",Sacramento,CA,5844,3461,2383,2:13:42,2:32:17,4:06:55,0:45:29
687081207,California International Marathon,"December 7, 2008",Sacramento,CA,5198,3015,2183,2:16:41,2:32:00,4:05:15,0:44:37
687071202,California International Marathon,"December 2, 2007",Sacramento,CA,4743,2831,1912,2:14:30,2:39:19,4:08:58,0:46:45
687061203,California International Marathon,"December 3, 2006",Sacramento,CA,3789,2328,1461,2:14:58,2:34:23,4:07:08,0:47:10
687051204,California International Marathon,"December 4, 2005",Sacramento,CA,3249,2036,1213,2:18:30,2:37:38,4:09:25,0:47:21
687041205,California International Marathon,"December 5, 2004",Sacramento,CA,2963,1811,1152,2:13:22,2:37:22,4:08:58,0:47:09
687031207,California International Marathon,"December 7, 2003",Sacramento,CA,2930,1814,1116,2:16:21,2:33:31,4:12:28,0:45:53
687021208,California International Marathon,"December 8, 2002",Sacramento,CA,2611,1624,987,2:11:56,2:33:13,4:04:23,0:44:06
687011202,California International Marathon,"December 2, 2001",Sacramento,CA,2727,1602,1125,2:22:12,2:36:36,4:17:25,0:45:30
687001203,California International Marathon,"December 3, 2000",Sacramento,CA,2706,1594,1112,2:15:38,2:38:16,4:07:56,0:44:57
7322211003,Portland Marathon,"October 3, 2021",Portland,OR,1355,842,513,2:28:47,2:53:37,4:22:04,0:51:57
7322191006,Portland Marathon,"October 6, 2019",Portland,OR,1822,1082,740,2:25:15,2:48:00,4:24:54,0:51:10
6618181007,Portland Marathon,"October 7, 2018",Portland,OR,748,445,303,2:25:02,3:21:40,4:31:59,0:56:28
38171008,Portland Marathon,"October 8, 2017",Portland,OR,2912,1464,1448,2:23:41,2:50:25,4:44:45,1:00:37
38161009,Portland Marathon,"October 9, 2016",Portland,OR,4421,2158,2263,2:36:25,2:38:45,4:49:48,1:02:06
38151004,Portland Marathon,"October 4, 2015",Portland,OR,5550,2709,2841,2:28:29,2:51:23,4:43:34,0:58:47
38141005,Portland Marathon,"October 5, 2014",Portland,OR,6258,3050,3208,2:23:57,2:53:30,4:47:36,0:59:28
38131006,Portland Marathon,"October 6, 2013",Portland,OR,6951,3321,3630,2:20:54,2:42:15,4:46:40,1:06:16
38121007,Portland Marathon,"October 7, 2012",Portland,OR,6518,3158,3360,2:21:09,2:51:35,4:43:58,1:01:12
38111009,Portland Marathon,"October 9, 2011",Portland,OR,8461,4013,4448,2:27:38,2:46:28,4:32:58,0:48:31
38101010,Portland Marathon,"October 10, 2010",Portland,OR,7817,3398,4419,2:28:42,2:52:02,4:53:11,1:12:27
38091004,Portland Marathon,"October 4, 2009",Portland,OR,8093,3825,4268,2:24:13,2:55:59,4:50:17,1:12:58
38081005,Portland Marathon,"October 5, 2008",Portland,OR,7856,3707,4149,2:31:22,2:45:24,4:55:21,1:17:40
38071007,Portland Marathon,"October 7, 2007",Portland,OR,7224,3436,3788,2:25:25,2:53:44,4:49:23,1:05:00
38061001,Portland Marathon,"October 1, 2006",Portland,OR,7719,3354,4365,2:21:54,2:53:18,5:04:08,1:20:55
38051009,Portland Marathon,"October 9, 2005",Portland,OR,7201,3262,3939,2:26:28,2:44:30,4:58:22,1:14:44
38041003,Portland Marathon,"October 3, 2004",Portland,OR,5838,2707,3131,2:25:33,2:49:48,4:49:27,1:07:22
38031005,Portland Marathon,"October 5, 2003",Portland,OR,7031,3042,3989,2:23:05,2:47:53,5:04:38,1:18:26
38021006,Portland Marathon,"October 6, 2002",Portland,OR,7091,3061,4030,2:19:56,2:54:09,5:02:45,1:17:46
38010930,Portland Marathon,"September 30, 2001",Portland,OR,7333,3217,4116,2:33:01,2:49:56,5:04:56,1:17:00
38001001,Portland Marathon,"October 1, 2000",Portland,OR,7717,3224,4493,2:22:15,2:58:33,5:11:38,1:23:12
1964200119,Rock 'n' Roll Arizona Marathon,"January 19, 2020",Phoenix,AZ,1685,1083,602,2:20:58,2:42:15,4:43:02,0:58:08
1964190120,Rock 'n' Roll Arizona Marathon,"January 20, 2019",Phoenix,AZ,1456,871,585,2:20:59,2:46:20,4:42:50,0:58:52
1964180114,Rock 'n' Roll Arizona Marathon,"January 14, 2018",Phoenix,AZ,1468,877,591,2:31:35,2:42:02,4:39:11,0:57:38
1964170115,Rock 'n' Roll Arizona Marathon,"January 15, 2017",Phoenix,AZ,2332,1312,1020,2:19:57,2:42:49,4:39:35,0:55:59
1964160117,Rock 'n' Roll Arizona Marathon,"January 17, 2016",Phoenix,AZ,2335,1307,1028,2:25:22,2:46:44,4:41:12,0:56:30
1964150118,Rock 'n' Roll Arizona Marathon,"January 18, 2015",Phoenix,AZ,2577,1452,1125,2:24:41,2:45:59,4:36:07,0:52:50
1964140119,Rock 'n' Roll Arizona Marathon,"January 19, 2014",Phoenix,AZ,2878,1640,1238,2:21:00,2:49:24,4:32:48,0:52:31
1964130120,Rock 'n' Roll Arizona Marathon,"January 20, 2013",Phoenix,AZ,3223,1850,1373,2:31:06,2:44:41,4:31:32,0:52:16
1964120115,Rock 'n' Roll Arizona Marathon,"January 15, 2012",Phoenix,AZ,3863,2215,1648,2:24:47,2:49:12,4:28:29,0:51:56
1964110116,Rock 'n' Roll Arizona Marathon,"January 16, 2011",Phoenix,AZ,5062,2874,2188,2:17:32,2:37:55,4:29:53,0:53:24
1964100117,Rock 'n' Roll Arizona Marathon,"January 17, 2010",Phoenix,AZ,5691,3184,2507,2:12:41,2:30:39,4:28:24,0:52:58
1964090118,Rock 'n' Roll Arizona Marathon,"January 18, 2009",Phoenix,AZ,6440,3461,2979,2:10:36,2:31:22,4:35:40,0:55:57
1964080113,Rock 'n' Roll Arizona Marathon,"January 13, 2008",Phoenix,AZ,6453,3487,2966,2:13:21,2:31:15,4:35:41,0:57:38
1964070114,Rock 'n' Roll Arizona Marathon,"January 14, 2007",Phoenix,AZ,6942,3586,3356,2:14:13,2:31:43,4:35:59,0:58:48
1964060115,Rock 'n' Roll Arizona Marathon,"January 15, 2006",Phoenix,AZ,7428,3881,3547,2:13:08,2:31:44,4:42:35,1:00:07
1964050109,Rock 'n' Roll Arizona Marathon,"January 9, 2005",Phoenix,AZ,7166,3727,3439,2:14:24,2:32:51,4:46:19,1:00:02
1964040111,Rock 'n' Roll Arizona Marathon,"January 11, 2004",Phoenix,AZ,9482,4814,4668,2:10:33,2:31:33,4:50:07,0:58:28
479211121,Philadelphia Marathon,"November 21, 2021",Philadelphia,PA,7145,4342,2803,2:13:28,2:28:34,4:12:15,0:50:36
479191124,Philadelphia Marathon,"November 24, 2019",Philadelphia,PA,10041,5838,4203,2:16:31,2:32:48,4:19:59,0:52:53
479181118,Philadelphia Marathon,"November 18, 2018",Philadelphia,PA,9509,5370,4139,2:14:47,2:32:53,4:21:37,0:52:39
479171119,Philadelphia Marathon,"November 19, 2017",Philadelphia,PA,7761,4540,3221,2:16:25,2:38:14,4:20:12,0:50:57
479161120,Philadelphia Marathon,"November 20, 2016",Philadelphia,PA,8982,5035,3947,2:15:53,2:36:25,4:22:05,0:51:27
479151122,Philadelphia Marathon,"November 22, 2015",Philadelphia,PA,9153,5078,4075,2:17:44,2:40:05,4:18:11,0:49:35
479141123,Philadelphia Marathon,"November 23, 2014",Philadelphia,PA,10330,5717,4613,2:17:28,2:39:59,4:19:40,0:50:04
479131117,Philadelphia Marathon,"November 17, 2013",Philadelphia,PA,10881,5998,4883,2:17:35,2:39:04,4:20:09,0:48:50
479121118,Philadelphia Marathon,"November 18, 2012",Philadelphia,PA,11641,6467,5174,2:17:47,2:35:37,4:14:59,0:46:41
479111120,Philadelphia Marathon,"November 20, 2011",Philadelphia,PA,10313,6042,4271,2:19:16,2:35:46,4:16:31,0:44:02
479101121,Philadelphia Marathon,"November 21, 2010",Philadelphia,PA,8956,5194,3762,2:21:28,2:38:55,4:13:18,0:45:03
479091122,Philadelphia Marathon,"November 22, 2009",Philadelphia,PA,7475,4365,3110,2:17:15,2:46:44,4:14:11,0:48:00
479081123,Philadelphia Marathon,"November 23, 2008",Philadelphia,PA,7230,4245,2985,2:19:57,2:44:02,4:14:12,0:47:02
479071118,Philadelphia Marathon,"November 18, 2007",Philadelphia,PA,6668,3946,2722,2:25:01,2:42:05,4:10:34,0:46:27
479061119,Philadelphia Marathon,"November 19, 2006",Philadelphia,PA,6119,3954,2165,2:17:09,2:40:31,4:06:44,0:41:00
479051120,Philadelphia Marathon,"November 20, 2005",Philadelphia,PA,5887,3824,2063,2:21:02,2:43:07,4:06:23,0:40:08
479041121,Philadelphia Marathon,"November 21, 2004",Philadelphia,PA,6193,4046,2147,2:19:43,2:41:57,4:05:24,0:39:26
479031123,Philadelphia Marathon,"November 23, 2003",Philadelphia,PA,5354,3610,1744,2:16:47,2:45:05,4:04:48,0:41:21
479021124,Philadelphia Marathon,"November 24, 2002",Philadelphia,PA,4535,2984,1551,2:18:43,2:39:47,4:06:24,0:41:37
479011118,Philadelphia Marathon,"November 18, 2001",Philadelphia,PA,3889,2564,1325,2:21:07,2:41:05,4:03:17,0:38:21
479001119,Philadelphia Marathon,"November 19, 2000",Philadelphia,PA,4252,2890,1362,2:18:03,2:41:56,4:05:49,0:42:19
24220529,Ottawa Marathon,"May 29, 2022",Ottawa,ON,2290,1544,746,2:06:03,2:30:08,4:10:52,0:48:21
24190526,Ottawa Marathon,"May 26, 2019",Ottawa,ON,2777,1900,877,2:08:02,2:26:33,4:15:51,0:49:03
24180527,Ottawa Marathon,"May 27, 2018",Ottawa,ON,2737,1822,915,2:08:52,2:22:16,4:08:27,0:46:13
24170528,Ottawa Marathon,"May 28, 2017",Ottawa,ON,4388,2791,1597,2:10:13,2:30:17,4:17:58,0:51:49
24160529,Ottawa Marathon,"May 29, 2016",Ottawa,ON,4181,2731,1450,2:08:13,2:27:05,4:10:54,0:45:43
24150524,Ottawa Marathon,"May 24, 2015",Ottawa,ON,4501,2963,1538,2:08:13,2:25:29,4:07:49,0:46:16
24140525,Ottawa Marathon,"May 25, 2014",Ottawa,ON,5425,3442,1983,2:06:54,2:24:30,4:09:48,0:43:44
24130526,Ottawa Marathon,"May 26, 2013",Ottawa,ON,4801,3137,1664,2:08:04,2:25:30,4:03:33,0:41:13
24110529,Ottawa Marathon,"May 29, 2011",Ottawa,ON,4071,2647,1424,2:10:16,2:32:14,4:13:02,0:47:25
24100530,Ottawa Marathon,"May 30, 2010",Ottawa,ON,3859,2460,1399,2:09:33,2:28:18,4:10:14,0:46:19
24090524,Ottawa Marathon,"May 24, 2009",Ottawa,ON,3449,2159,1290,2:13:22,2:27:39,4:13:25,0:46:10
24080525,Ottawa Marathon,"May 25, 2008",Ottawa,ON,3241,2063,1178,2:10:59,2:28:42,4:09:01,0:48:12
24070527,Ottawa Marathon,"May 27, 2007",Ottawa,ON,3026,1910,1116,2:10:33,2:31:56,4:04:40,0:46:18
24060528,Ottawa Marathon,"May 28, 2006",Ottawa,ON,3243,1977,1266,2:10:31,2:29:41,4:16:52,0:49:22
24050529,Ottawa Marathon,"May 29, 2005",Ottawa,ON,3232,1976,1256,2:14:20,2:31:52,4:06:18,0:39:44
24040530,Ottawa Marathon,"May 30, 2004",Ottawa,ON,3585,2109,1476,2:11:47,2:30:53,4:12:11,0:48:45
24030511,Ottawa Marathon,"May 11, 2003",Ottawa,ON,2576,1580,996,2:15:29,2:33:51,4:03:21,0:36:05
24020512,Ottawa Marathon,"May 12, 2002",Ottawa,ON,2430,1526,901,2:14:04,2:33:13,3:57:46,0:35:45
24010513,Ottawa Marathon,"May 13, 2001",Ottawa,ON,1839,1197,641,2:15:50,2:37:58,3:56:02,0:37:06
481220109,Disney World Marathon,"January 9, 2022",Orlando,FL,11317,5283,6034,2:30:37,2:45:15,5:45:07,1:02:39
481200112,Disney World Marathon,"January 12, 2020",Orlando,FL,14106,6577,7529,2:22:19,2:54:19,5:46:07,0:56:19
481190113,Disney World Marathon,"January 13, 2019",Orlando,FL,11480,5984,5496,2:18:45,2:45:24,5:34:00,1:05:06
481180107,Disney World Marathon,"January 7, 2018",Orlando,FL,20025,9262,10763,2:17:52,2:47:22,5:48:43,1:06:45
481170108,Disney World Marathon,"January 8, 2017",Orlando,FL,17729,8394,9335,2:23:15,2:48:05,5:36:34,1:04:03
481160110,Disney World Marathon,"January 10, 2016",Orlando,FL,19838,9523,10315,2:33:24,2:52:23,5:42:07,1:02:07
481150111,Disney World Marathon,"January 11, 2015",Orlando,FL,19959,9681,10278,2:18:06,2:50:20,5:34:18,1:04:40
481140112,Disney World Marathon,"January 12, 2014",Orlando,FL,19191,9496,9695,2:21:39,2:47:44,5:27:10,1:03:07
481130113,Disney World Marathon,"January 13, 2013",Orlando,FL,20679,10061,10618,2:21:16,2:48:30,5:33:42,1:03:18
481120108,Disney World Marathon,"January 8, 2012",Orlando,FL,13467,7155,6312,2:19:02,2:48:35,5:08:14,1:00:38
481110109,Disney World Marathon,"January 9, 2011",Orlando,FL,13512,7247,6265,2:21:15,2:42:11,5:04:45,1:00:17
481100110,Disney World Marathon,"January 10, 2010",Orlando,FL,16874,8725,8149,2:22:08,2:51:20,5:12:04,0:59:52
481090111,Disney World Marathon,"January 11, 2009",Orlando,FL,14927,7793,7134,2:20:38,2:46:27,5:08:09,0:58:21
481080113,Disney World Marathon,"January 13, 2008",Orlando,FL,12951,6751,6200,2:20:56,2:47:29,5:16:07,0:57:20
481070107,Disney World Marathon,"January 7, 2007",Orlando,FL,10936,5780,5156,2:19:24,2:57:03,5:13:36,0:57:14
481060108,Disney World Marathon,"January 8, 2006",Orlando,FL,10125,5106,5019,2:19:44,2:51:38,5:04:34,0:58:51
481050109,Disney World Marathon,"January 9, 2005",Orlando,FL,7726,3880,3846,2:19:16,2:56:06,5:07:31,0:58:18
481040111,Disney World Marathon,"January 11, 2004",Orlando,FL,9371,4722,4649,2:27:58,2:59:13,5:01:30,0:58:42
481030112,Disney World Marathon,"January 12, 2003",Orlando,FL,9404,4566,4838,2:18:33,2:53:10,5:02:06,1:00:50
481020106,Disney World Marathon,"January 6, 2002",Orlando,FL,7950,3895,4055,2:32:38,2:48:38,5:00:45,0:58:21
481010107,Disney World Marathon,"January 7, 2001",Orlando,FL,8012,4039,3973,2:26:38,2:46:40,4:54:55,0:59:33
481000108,Disney World Marathon,"January 8, 2000",Orlando,FL,7270,3864,3406,2:25:40,2:54:51,4:52:45,0:58:37
472211107,New York City Marathon,"November 7, 2021",New York City,NY,24939,13576,11348,2:08:22,2:22:39,4:39:24,1:02:38
472191103,New York City Marathon,"November 3, 2019",New York City,NY,53508,30794,22714,2:08:13,2:22:38,4:36:04,0:59:21
472181104,New York City Marathon,"November 4, 2018",New York City,NY,52704,30592,22112,2:05:59,2:22:48,4:38:24,0:58:03
472171105,New York City Marathon,"November 5, 2017",New York City,NY,50643,29583,21060,2:10:53,2:26:53,4:37:03,0:56:32
472161106,New York City Marathon,"November 6, 2016",New York City,NY,48468,29830,18638,2:07:51,2:24:26,4:36:30,0:54:27
472151101,New York City Marathon,"November 1, 2015",New York City,NY,49828,28804,21024,2:10:34,2:24:25,4:39:10,0:54:29
472141102,New York City Marathon,"November 2, 2014",New York City,NY,50433,30035,20398,2:10:59,2:25:07,4:34:48,0:53:23
472131103,New York City Marathon,"November 3, 2013",New York City,NY,50062,30536,19526,2:08:24,2:25:07,4:28:59,0:51:11
472111106,New York City Marathon,"November 6, 2011",New York City,NY,46536,29669,16867,2:05:05,2:23:15,4:28:12,0:52:30
472101107,New York City Marathon,"November 7, 2010",New York City,NY,44704,28661,16043,2:08:14,2:28:20,4:28:00,0:52:31
472091101,New York City Marathon,"November 1, 2009",New York City,NY,43250,28178,15072,2:09:15,2:28:52,4:24:42,0:50:44
472081102,New York City Marathon,"November 2, 2008",New York City,NY,37790,24991,12799,2:08:43,2:23:56,4:25:32,0:52:17
472071104,New York City Marathon,"November 4, 2007",New York City,NY,38557,26042,12515,2:09:04,2:23:09,4:29:03,0:51:19
472061105,New York City Marathon,"November 5, 2006",New York City,NY,37936,25607,12329,2:09:57,2:25:04,4:27:24,0:51:29
472051106,New York City Marathon,"November 6, 2005",New York City,NY,36872,24812,12060,2:09:30,2:24:41,4:37:37,0:51:57
472041107,New York City Marathon,"November 7, 2004",New York City,NY,36513,24563,11950,2:09:28,2:23:10,4:37:21,0:50:30
472031102,New York City Marathon,"November 2, 2003",New York City,NY,34729,23014,11715,2:10:30,2:22:31,4:36:39,0:50:33
472021103,New York City Marathon,"November 3, 2002",New York City,NY,31824,21634,10190,2:08:07,2:25:56,4:28:37,0:50:56
472011104,New York City Marathon,"November 4, 2001",New York City,NY,23648,16810,6838,2:07:44,2:24:21,4:26:21,0:50:20
472001105,New York City Marathon,"November 5, 2000",New York City,NY,29327,21015,8312,2:10:09,2:25:45,4:24:38,0:52:11
2028190922,Rock 'n' Roll Montreal Marathon,"September 22, 2019",Montreal,QC,2391,1744,647,2:15:18,2:40:51,4:26:44,0:43:54
2028180923,Rock 'n' Roll Montreal Marathon,"September 23, 2018",Montreal,QC,2413,1760,653,2:11:05,2:28:01,4:11:52,0:42:15
2028160925,Rock 'n' Roll Montreal Marathon,"September 25, 2016",Montreal,QC,3682,2606,1076,2:24:18,2:48:54,4:20:03,0:43:38
2028150920,Rock 'n' Roll Montreal Marathon,"September 20, 2015",Montreal,QC,3024,2207,817,2:26:42,2:58:56,4:14:31,0:40:35
2028140928,Rock 'n' Roll Montreal Marathon,"September 28, 2014",Montreal,QC,3379,2430,949,2:22:38,3:01:27,4:50:08,0:53:26
2028130922,Rock 'n' Roll Montreal Marathon,"September 22, 2013",Montreal,QC,2817,2060,757,2:30:15,2:51:33,4:11:36,0:39:37
2028120923,Rock 'n' Roll Montreal Marathon,"September 23, 2012",Montreal,QC,2678,1940,738,2:18:42,2:47:41,4:12:25,0:39:06
2028110925,Montreal International Marathon,"September 25, 2011",Montreal,QC,2531,1900,631,2:13:43,2:33:20,4:17:21,0:40:23
2028100905,Montreal International Marathon,"September 5, 2010",Montreal,QC,2066,1623,443,2:17:41,2:35:45,4:08:18,0:38:54
2028090913,Montreal International Marathon,"September 13, 2009",Montreal,QC,1756,1352,404,2:16:10,2:39:31,4:14:44,0:39:14
2028080914,Montreal International Marathon,"September 14, 2008",Montreal,QC,1236,973,263,2:17:07,2:42:16,4:17:18,0:39:50
2028070909,Montreal International Marathon,"September 9, 2007",Montreal,QC,1156,954,202,2:15:29,2:43:25,4:03:47,0:39:11
2028060910,Montreal International Marathon,"September 10, 2006",Montreal,QC,1136,920,216,2:20:19,2:43:05,4:04:08,0:37:39
2028050911,Montreal International Marathon,"September 11, 2005",Montreal,QC,1001,808,193,2:17:25,2:56:20,4:07:40,0:41:16
2028040912,Montreal International Marathon,"September 12, 2004",Montreal,QC,820,641,179,2:22:32,2:47:11,4:11:50,0:41:25
2028030914,Montreal International Marathon,"September 14, 2003",Montreal,QC,800,657,143,2:30:31,2:58:54,4:27:10,0:43:38
58211003,Twin Cities Marathon,"October 3, 2021",Minneapolis,MN,3203,1868,1335,2:15:22,2:45:55,4:23:40,0:46:32
58191006,Twin Cities Marathon,"October 6, 2019",Minneapolis,MN,6739,3849,2890,2:12:23,2:31:29,4:23:17,0:45:51
58181007,Twin Cities Marathon,"October 7, 2018",Minneapolis,MN,7157,3972,3185,2:11:58,2:33:04,4:20:09,0:45:00
58171001,Twin Cities Marathon,"October 1, 2017",Minneapolis,MN,7518,4100,3418,2:11:53,2:30:25,4:24:20,0:44:15
58161009,Twin Cities Marathon,"October 9, 2016",Minneapolis,MN,8551,4714,3837,2:08:51,2:30:01,4:21:10,0:44:22
58151004,Twin Cities Marathon,"October 4, 2015",Minneapolis,MN,8586,4776,3810,2:11:16,2:31:39,4:20:16,0:44:02
58141005,Twin Cities Marathon,"October 5, 2014",Minneapolis,MN,8848,4854,3994,2:13:32,2:34:00,4:18:33,0:43:49
58131006,Twin Cities Marathon,"October 6, 2013",Minneapolis,MN,8847,4919,3928,2:13:11,2:30:52,4:17:35,0:43:03
58121007,Twin Cities Marathon,"October 7, 2012",Minneapolis,MN,8781,5094,3687,2:14:53,2:32:37,4:16:40,0:43:06
58111002,Twin Cities Marathon,"October 2, 2011",Minneapolis,MN,8531,4855,3676,2:13:11,2:28:24,4:20:15,0:43:15
58101003,Twin Cities Marathon,"October 3, 2010",Minneapolis,MN,8211,4817,3394,2:14:02,2:27:23,4:15:35,0:42:51
58091004,Twin Cities Marathon,"October 4, 2009",Minneapolis,MN,8429,4889,3540,2:12:09,2:31:48,4:15:47,0:42:41
58081005,Twin Cities Marathon,"October 5, 2008",Minneapolis,MN,7979,4796,3183,2:16:31,2:32:27,4:17:27,0:41:58
58071007,Twin Cities Marathon,"October 7, 2007",Minneapolis,MN,7215,4390,2825,2:13:54,2:34:09,4:43:22,0:43:06
58061001,Twin Cities Marathon,"October 1, 2006",Minneapolis,MN,8215,5014,3201,2:13:52,2:32:17,4:29:30,0:45:49
58051002,Twin Cities Marathon,"October 2, 2005",Minneapolis,MN,7753,4685,3068,2:18:28,2:40:21,4:24:21,0:43:30
58041003,Twin Cities Marathon,"October 3, 2004",Minneapolis,MN,7304,4483,2821,2:13:33,2:26:53,4:18:53,0:43:18
58031005,Twin Cities Marathon,"October 5, 2003",Minneapolis,MN,7084,4376,2708,2:12:47,2:30:41,4:16:41,0:42:40
58020929,Twin Cities Marathon,"September 29, 2002",Minneapolis,MN,6532,3981,2551,2:11:35,2:29:39,4:16:13,0:42:16
58011007,Twin Cities Marathon,"October 7, 2001",Minneapolis,MN,6356,4077,2279,2:14:07,2:26:51,4:15:44,0:41:35
58001008,Twin Cities Marathon,"October 8, 2000",Minneapolis,MN,5896,3744,2152,2:12:40,2:29:37,4:12:01,0:41:08
9220320,L.A. Marathon,"March 20, 2022",Los Angeles,CA,12064,7289,4775,2:09:08,2:25:04,5:18:08,1:17:34
9211107,L.A. Marathon,"November 7, 2021",Los Angeles,CA,8643,5586,3057,2:12:48,2:33:17,5:09:47,1:10:46
9200308,L.A. Marathon,"March 8, 2020",Los Angeles,CA,21626,12732,8894,2:08:26,2:29:28,5:18:54,1:10:49
9190324,L.A. Marathon,"March 24, 2019",Los Angeles,CA,20040,11794,8246,2:11:46,2:24:12,5:22:10,1:12:20
9180318,L.A. Marathon,"March 18, 2018",Los Angeles,CA,19571,11248,8323,2:11:47,2:33:49,5:06:39,1:12:29
9170319,L.A. Marathon,"March 19, 2017",Los Angeles,CA,18892,10930,7962,2:11:52,2:31:36,5:32:08,1:12:17
9160214,L.A. Marathon,"February 14, 2016",Los Angeles,CA,20619,11497,9122,2:13:06,2:30:40,5:20:35,1:10:54
9150315,L.A. Marathon,"March 15, 2015",Los Angeles,CA,21904,12532,9372,2:10:35,2:34:10,5:30:45,1:13:09
9140309,L.A. Marathon,"March 9, 2014",Los Angeles,CA,21481,12358,9123,2:10:37,2:27:37,5:26:10,1:12:48
9130317,L.A. Marathon,"March 17, 2013",Los Angeles,CA,19545,11768,7777,2:09:44,2:26:08,5:11:34,1:08:41
9120318,L.A. Marathon,"March 18, 2012",Los Angeles,CA,18729,11381,7348,2:12:12,2:25:39,5:15:13,1:11:55
9110320,L.A. Marathon,"March 20, 2011",Los Angeles,CA,19626,11896,7730,2:06:35,2:26:34,5:16:52,1:14:14
9100321,L.A. Marathon,"March 21, 2010",Los Angeles,CA,22403,13238,9165,2:09:19,2:25:38,5:23:07,1:09:46
9090525,L.A. Marathon,"May 25, 2009",Los Angeles,CA,14061,8922,5139,2:08:24,2:25:59,5:31:03,1:15:46
9080302,L.A. Marathon,"March 2, 2008",Los Angeles,CA,16941,10436,6505,2:13:50,2:29:09,5:36:12,1:16:11
9070304,L.A. Marathon,"March 4, 2007",Los Angeles,CA,20016,12207,7809,2:17:14,2:37:54,5:42:40,1:16:52
9060319,L.A. Marathon,"March 19, 2006",Los Angeles,CA,20169,12367,7802,2:08:40,2:25:10,5:32:09,1:18:41
9050306,L.A. Marathon,"March 6, 2005",Los Angeles,CA,19985,12409,7576,2:09:35,2:26:11,5:32:26,1:14:46
9040307,L.A. Marathon,"March 7, 2004",Los Angeles,CA,17306,10920,6386,2:13:41,2:30:17,5:46:12,1:15:18
9030302,L.A. Marathon,"March 2, 2003",Los Angeles,CA,16788,10464,6324,2:09:52,2:29:40,5:26:50,1:15:07
9010304,L.A. Marathon,"March 4, 2001",Los Angeles,CA,15948,10086,5862,2:13:13,2:36:58,5:22:14,1:14:33
9000305,L.A. Marathon,"March 5, 2000",Los Angeles,CA,14410,8121,6289,2:11:55,2:33:33,5:32:10,1:23:47
2220116,Houston Marathon,"January 16, 2022",Houston,TX,6252,3926,2326,2:11:03,2:19:12,4:16:47,0:51:18
2200119,Houston Marathon,"January 19, 2020",Houston,TX,6901,4301,2600,2:08:35,2:23:28,4:20:34,0:51:02
2190120,Houston Marathon,"January 20, 2019",Houston,TX,6657,4050,2607,2:10:02,2:23:28,4:22:45,0:49:19
2180114,Houston Marathon,"January 14, 2018",Houston,TX,6710,4145,2565,2:08:30,2:24:51,4:27:26,0:48:09
2170115,Houston Marathon,"January 15, 2017",Houston,TX,7109,4305,2804,2:12:05,2:30:18,4:37:03,0:45:19
2160117,Houston Marathon,"January 17, 2016",Houston,TX,7807,4782,3025,2:10:54,2:26:07,4:25:45,0:47:03
2150118,Houston Marathon,"January 18, 2015",Houston,TX,7132,4347,2785,2:08:03,2:23:23,4:30:29,0:47:48
2140119,Houston Marathon,"January 19, 2014",Houston,TX,7045,4406,2639,2:07:32,2:25:52,4:28:50,0:46:56
2130113,Houston Marathon,"January 13, 2013",Houston,TX,6667,4111,2556,2:10:17,2:23:37,4:30:14,0:47:07
2120115,Houston Marathon,"January 15, 2012",Houston,TX,7637,4839,2798,2:06:51,2:23:14,4:24:52,0:47:39
2110130,Houston Marathon,"January 30, 2011",Houston,TX,6903,4345,2558,2:07:04,2:26:33,4:34:33,0:44:10
2100117,Houston Marathon,"January 17, 2010",Houston,TX,6340,3940,2400,2:07:37,2:23:53,4:29:39,0:45:25
2090118,Houston Marathon,"January 18, 2009",Houston,TX,5345,3477,1868,2:07:52,2:24:18,4:32:02,0:47:33
2080113,Houston Marathon,"January 13, 2008",Houston,TX,5592,3498,2094,2:12:31,2:24:39,4:28:25,0:44:44
2070114,Houston Marathon,"January 14, 2007",Houston,TX,5333,3305,2028,2:11:39,2:26:52,4:28:03,0:48:04
2060115,Houston Marathon,"January 15, 2006",Houston,TX,5425,3420,2005,2:12:02,2:32:25,4:27:19,0:45:03
2050116,Houston Marathon,"January 16, 2005",Houston,TX,5727,3706,2021,2:14:50,2:32:27,4:26:16,0:45:12
2040118,Houston Marathon,"January 18, 2004",Houston,TX,5383,3547,1836,2:18:51,2:28:36,4:27:07,0:44:32
2030119,Houston Marathon,"January 19, 2003",Houston,TX,4699,3117,1582,2:24:43,2:42:37,4:25:50,0:45:00
2020120,Houston Marathon,"January 20, 2002",Houston,TX,4394,2899,1495,2:28:43,2:50:49,4:23:37,0:41:15
2010114,Houston Marathon,"January 14, 2001",Houston,TX,4015,2763,1252,2:29:27,2:43:40,4:22:32,0:37:56
2000116,Houston Marathon,"January 16, 2000",Houston,TX,4792,3107,1542,2:11:27,2:32:24,4:27:10,0:39:13
480211212,Honolulu Marathon,"December 12, 2021",Honololu,HI,6229,3651,2578,2:14:30,2:41:24,6:01:28,1:38:44
480191208,Honolulu Marathon,"December 8, 2019",Honololu,HI,18787,10344,8443,2:07:59,2:31:09,6:31:57,1:44:24
480181209,Honolulu Marathon,"December 9, 2018",Honololu,HI,19606,10706,8900,2:09:01,2:47:53,6:22:07,1:35:13
480171210,Honolulu Marathon,"December 10, 2017",Honololu,HI,20350,10839,9511,2:08:27,2:22:15,6:19:29,1:38:55
480161211,Honolulu Marathon,"December 11, 2016",Honololu,HI,20222,10767,9455,2:09:37,2:31:10,6:26:33,1:43:01
480151213,Honolulu Marathon,"December 13, 2015",Honololu,HI,21546,11339,10207,2:11:43,2:28:34,6:21:17,1:37:01
480141214,Honolulu Marathon,"December 14, 2014",Honololu,HI,21824,11511,10313,2:15:35,2:30:23,6:04:40,1:33:53
480131208,Honolulu Marathon,"December 8, 2013",Honololu,HI,22054,11769,10285,2:18:47,2:36:02,6:17:15,1:37:17
480121209,Honolulu Marathon,"December 9, 2012",Honololu,HI,22109,11761,10348,2:12:31,2:31:23,5:53:25,1:19:11
480111211,Honolulu Marathon,"December 11, 2011",Honololu,HI,19078,10082,8996,2:14:55,2:31:41,5:55:46,1:27:40
480101212,Honolulu Marathon,"December 12, 2010",Honololu,HI,20169,10459,9710,2:15:18,2:32:13,6:01:40,1:31:15
480091213,Honolulu Marathon,"December 13, 2009",Honololu,HI,20321,10392,9929,2:12:14,2:28:34,5:54:58,1:29:48
480081214,Honolulu Marathon,"December 14, 2008",Honololu,HI,20058,10505,9553,2:14:35,2:32:33,5:58:22,1:32:05
480071209,Honolulu Marathon,"December 9, 2007",Honololu,HI,20692,10731,9961,2:17:26,2:33:06,6:02:51,1:35:30
480061210,Honolulu Marathon,"December 10, 2006",Honololu,HI,24573,12903,11670,2:13:42,2:27:19,5:54:15,1:29:57
480051211,Honolulu Marathon,"December 11, 2005",Honololu,HI,24219,12763,11456,2:12:00,2:30:24,5:49:42,1:28:28
480041212,Honolulu Marathon,"December 12, 2004",Honololu,HI,22314,11593,10721,2:11:12,2:27:33,5:45:09,1:26:56
480031214,Honolulu Marathon,"December 14, 2003",Honololu,HI,22136,11614,10522,2:12:59,2:31:57,5:49:44,1:28:22
480021208,Honolulu Marathon,"December 8, 2002",Honololu,HI,26382,14377,12005,2:12:29,2:29:08,5:50:20,1:30:03
480011209,Honolulu Marathon,"December 9, 2001",Honololu,HI,19221,10633,8587,2:15:09,2:29:54,5:44:25,1:24:50
480001210,Honolulu Marathon,"December 10, 2000",Honololu,HI,22632,13174,9458,2:15:19,2:28:33,5:51:18,1:30:23
42210619,Grandma's Marathon,"June 19, 2021",Duluth,MN,2773,1518,1255,2:13:04,2:29:04,4:18:55,0:58:19
42190622,Grandma's Marathon,"June 22, 2019",Duluth,MN,6356,3405,2951,2:11:56,2:28:06,4:18:38,0:57:42
42180616,Grandma's Marathon,"June 16, 2018",Duluth,MN,6093,3326,2767,2:10:06,2:24:28,4:18:26,0:54:15
42170617,Grandma's Marathon,"June 17, 2017",Duluth,MN,6438,3506,2932,2:12:06,2:32:09,4:31:43,0:55:48
42160618,Grandma's Marathon,"June 18, 2016",Duluth,MN,7521,3780,3741,2:11:26,2:33:28,4:44:11,0:57:41
42150620,Grandma's Marathon,"June 20, 2015",Duluth,MN,6075,3436,2639,2:10:36,2:32:06,4:12:10,0:49:32
42140621,Grandma's Marathon,"June 21, 2014",Duluth,MN,6211,3498,2713,2:09:06,2:33:43,4:14:34,0:50:50
42130622,Grandma's Marathon,"June 22, 2013",Duluth,MN,5614,3271,2343,2:11:14,2:26:31,4:12:37,0:47:43
42120616,Grandma's Marathon,"June 16, 2012",Duluth,MN,5785,3423,2362,2:12:24,2:33:13,4:21:28,0:47:55
42110618,Grandma's Marathon,"June 18, 2011",Duluth,MN,6333,3655,2678,2:12:15,2:30:38,4:16:35,0:48:29
42100619,Grandma's Marathon,"June 19, 2010",Duluth,MN,5613,3467,2146,2:15:44,2:31:35,4:26:04,0:48:28
42090620,Grandma's Marathon,"June 20, 2009",Duluth,MN,5890,3637,2253,2:15:13,2:36:52,4:40:11,0:49:39
42080621,Grandma's Marathon,"June 21, 2008",Duluth,MN,6856,4332,2524,2:13:41,2:38:52,4:29:59,0:47:13
42070616,Grandma's Marathon,"June 16, 2007",Duluth,MN,6898,4383,2515,2:15:54,2:35:40,4:26:06,0:45:23
42060617,Grandma's Marathon,"June 17, 2006",Duluth,MN,6909,4303,2606,2:14:30,2:33:39,4:30:25,0:47:39
42050618,Grandma's Marathon,"June 18, 2005",Duluth,MN,6885,4344,2541,2:13:18,2:28:43,4:19:05,0:44:45
42040619,Grandma's Marathon,"June 19, 2004",Duluth,MN,6750,4225,2525,2:17:59,2:35:08,4:21:15,0:44:54
42030621,Grandma's Marathon,"June 21, 2003",Duluth,MN,6868,4353,2515,2:11:22,2:27:05,4:16:24,0:43:43
42020622,Grandma's Marathon,"June 22, 2002",Duluth,MN,6836,4347,2489,2:10:57,2:32:21,4:08:59,0:42:34
42010616,Grandma's Marathon,"June 16, 2001",Duluth,MN,6699,4271,2428,2:14:25,2:35:13,4:21:06,0:44:58
42000617,Grandma's Marathon,"June 17, 2000",Duluth,MN,6066,3944,2122,2:14:31,2:33:53,4:11:51,0:40:47
67211010,Chicago Marathon,"October 10, 2021",Chicago,IL,26112,14228,11884,2:06:12,2:22:31,4:42:32,0:58:46
67191013,Chicago Marathon,"October 13, 2019",Chicago,IL,45956,24626,21330,2:05:45,2:14:04,4:29:51,1:00:21
67181007,Chicago Marathon,"October 7, 2018",Chicago,IL,44584,23934,20650,2:05:11,2:18:35,4:34:01,0:59:00
67171008,Chicago Marathon,"October 8, 2017",Chicago,IL,44508,22906,21602,2:09:20,2:18:31,4:47:23,1:01:29
67161009,Chicago Marathon,"October 9, 2016",Chicago,IL,40608,22045,18563,2:11:23,2:21:32,4:34:48,0:56:54
67151011,Chicago Marathon,"October 11, 2015",Chicago,IL,37182,20144,17038,2:09:25,2:23:33,4:33:14,0:52:37
67141012,Chicago Marathon,"October 12, 2014",Chicago,IL,40801,22299,18502,2:04:11,2:24:35,4:33:03,0:55:14
67131013,Chicago Marathon,"October 13, 2013",Chicago,IL,39122,21618,17504,2:03:45,2:19:57,4:32:23,0:52:43
67121007,Chicago Marathon,"October 7, 2012",Chicago,IL,37455,20688,16767,2:04:38,2:22:03,4:32:02,0:53:30
67111009,Chicago Marathon,"October 9, 2011",Chicago,IL,35670,20256,15414,2:05:37,2:18:20,4:40:34,0:53:25
67101010,Chicago Marathon,"October 10, 2010",Chicago,IL,36159,19973,16186,2:06:24,2:20:25,4:43:48,0:55:00
67091011,Chicago Marathon,"October 11, 2009",Chicago,IL,33475,18983,14492,2:05:41,2:25:56,4:27:20,0:50:56
67081012,Chicago Marathon,"October 12, 2008",Chicago,IL,31343,17675,13668,2:06:25,2:27:17,4:46:30,0:53:30
67071007,Chicago Marathon,"October 7, 2007",Chicago,IL,28815,16945,11870,2:11:11,2:33:49,4:52:11,0:45:33
67061022,Chicago Marathon,"October 22, 2006",Chicago,IL,33618,18904,14714,2:07:35,2:20:42,4:25:02,0:50:43
67051009,Chicago Marathon,"October 9, 2005",Chicago,IL,32995,18673,14322,2:07:02,2:21:25,4:26:22,0:48:50
67041010,Chicago Marathon,"October 10, 2004",Chicago,IL,33033,19073,13960,2:06:16,2:23:45,4:26:53,0:48:45
67031012,Chicago Marathon,"October 12, 2003",Chicago,IL,32395,18720,13675,2:05:50,2:23:07,4:25:09,0:48:26
67021013,Chicago Marathon,"October 13, 2002",Chicago,IL,31093,18111,12982,2:05:56,2:17:18,4:19:51,0:47:03
67011007,Chicago Marathon,"October 7, 2001",Chicago,IL,28390,17129,11261,2:08:52,2:18:47,4:19:28,0:45:34
67001022,Chicago Marathon,"October 22, 2000",Chicago,IL,27870,16802,11068,2:07:01,2:21:33,4:21:46,0:48:52
18220424,Big Sur International Marathon,"April 24, 2022",Carmel,CA,3324,1639,1685,2:26:51,2:49:49,4:40:52,0:44:53
18190428,Big Sur International Marathon,"April 28, 2019",Carmel,CA,3483,1738,1745,2:25:21,2:48:39,4:35:45,0:45:12
18180429,Big Sur International Marathon,"April 29, 2018",Carmel,CA,3379,1664,1715,2:29:25,3:01:12,4:39:04,0:46:04
18170430,Big Sur International Marathon,"April 30, 2017",Carmel,CA,3304,1606,1698,2:30:29,3:01:39,4:40:07,0:45:06
18160424,Big Sur International Marathon,"April 24, 2016",Carmel,CA,3238,1582,1656,2:35:36,3:01:27,4:38:55,0:43:14
18150426,Big Sur International Marathon,"April 26, 2015",Carmel,CA,3422,1710,1712,2:30:48,2:57:02,4:41:00,0:47:54
18140427,Big Sur International Marathon,"April 27, 2014",Carmel,CA,3334,1692,1642,2:27:45,2:53:15,4:40:05,0:44:54
18130428,Big Sur International Marathon,"April 28, 2013",Carmel,CA,3121,1577,1544,2:27:46,2:50:02,4:34:13,0:44:51
18120429,Big Sur International Marathon,"April 29, 2012",Carmel,CA,3364,1786,1578,2:32:25,2:50:08,4:35:16,0:42:53
18110501,Big Sur International Marathon,"May 1, 2011",Carmel,CA,3218,1670,1548,2:31:54,3:05:05,4:32:59,0:46:21
18100425,Big Sur International Marathon,"April 25, 2010",Carmel,CA,3442,1942,1500,2:26:09,2:55:18,4:36:08,0:42:48
18090426,Big Sur International Marathon,"April 26, 2009",Carmel,CA,3058,1827,1231,2:32:17,2:56:06,4:33:50,0:41:49
18080427,Big Sur International Marathon,"April 27, 2008",Carmel,CA,3191,1871,1320,2:29:50,3:00:53,4:33:58,0:40:54
18070429,Big Sur International Marathon,"April 29, 2007",Carmel,CA,3092,1863,1229,2:25:49,3:02:09,4:25:51,0:40:15
18060430,Big Sur International Marathon,"April 30, 2006",Carmel,CA,2947,1824,1123,2:21:43,2:59:20,4:29:00,0:40:24
18050424,Big Sur International Marathon,"April 24, 2005",Carmel,CA,2871,1806,1065,2:23:35,2:46:53,4:25:48,0:36:41
18040425,Big Sur International Marathon,"April 25, 2004",Carmel,CA,2858,1815,1043,2:26:19,3:10:06,4:25:10,0:36:40
18030427,Big Sur International Marathon,"April 27, 2003",Carmel,CA,2820,1755,1065,2:19:59,2:47:11,4:28:24,0:38:49
18020428,Big Sur International Marathon,"April 28, 2002",Carmel,CA,2343,1492,851,2:18:05,2:51:10,4:22:59,0:36:51
18010429,Big Sur International Marathon,"April 29, 2001",Carmel,CA,2560,1548,1012,2:25:38,2:46:41,4:29:27,0:37:28
18000430,Big Sur International Marathon,"April 30, 2000",Carmel,CA,2407,1535,872,2:27:06,2:46:53,4:21:22,0:35:45
15220418,Boston Marathon,"April 18, 2022",Boston,MA,24607,14065,10542,2:06:51,2:21:01,3:45:09,0:43:49
15211011,Boston Marathon,"October 11, 2021",Boston,MA,15374,7941,7433,2:09:51,2:24:45,3:53:59,0:47:55
15190415,Boston Marathon,"April 15, 2019",Boston,MA,26632,14662,11970,2:07:57,2:23:31,3:53:01,0:44:59
15180416,Boston Marathon,"April 16, 2018",Boston,MA,25746,14142,11604,2:15:58,2:39:54,3:57:09,0:46:35
15170417,Boston Marathon,"April 17, 2017",Boston,MA,26411,14438,11973,2:09:37,2:21:52,3:58:03,0:42:08
15160418,Boston Marathon,"April 18, 2016",Boston,MA,26639,14471,12168,2:12:45,2:29:19,3:55:03,0:41:02
15150420,Boston Marathon,"April 20, 2015",Boston,MA,26610,14588,12022,2:09:17,2:24:55,3:46:28,0:40:31
15140421,Boston Marathon,"April 21, 2014",Boston,MA,31805,17523,14282,2:08:37,2:18:57,4:02:30,0:50:52
15130415,Boston Marathon,"April 15, 2013",Boston,MA,17580,10638,6942,2:10:22,2:26:25,3:29:52,0:23:07
15120416,Boston Marathon,"April 16, 2012",Boston,MA,21554,12588,8966,2:12:40,2:31:50,4:18:27,0:48:43
15110418,Boston Marathon,"April 18, 2011",Boston,MA,23879,13806,10073,2:03:02,2:22:36,3:49:54,0:37:56
15100419,Boston Marathon,"April 19, 2010",Boston,MA,22540,13072,9468,2:05:52,2:26:11,3:50:25,0:37:03
15090420,Boston Marathon,"April 20, 2009",Boston,MA,22849,13547,9302,2:08:42,2:32:16,3:49:34,0:37:14
15080421,Boston Marathon,"April 21, 2008",Boston,MA,21963,13028,8935,2:07:46,2:25:25,3:51:40,0:38:02
15070416,Boston Marathon,"April 16, 2007",Boston,MA,20348,12373,7975,2:14:13,2:29:18,3:54:33,0:38:47
15060417,Boston Marathon,"April 17, 2006",Boston,MA,19688,12063,7625,2:07:14,2:23:38,3:50:03,0:36:14
15050418,Boston Marathon,"April 18, 2005",Boston,MA,17549,10894,6655,2:11:45,2:25:13,3:57:41,0:36:53
15040419,Boston Marathon,"April 19, 2004",Boston,MA,16743,10504,6239,2:10:37,2:24:27,4:13:02,0:39:24
15030421,Boston Marathon,"April 21, 2003",Boston,MA,17046,10737,6309,2:10:11,2:25:20,3:55:19,0:36:47
15020415,Boston Marathon,"April 15, 2002",Boston,MA,14400,9149,5251,2:09:02,2:20:43,3:43:01,0:34:23
15010416,Boston Marathon,"April 16, 2001",Boston,MA,13395,8586,4809,2:09:43,2:23:53,3:46:44,0:36:36
15000417,Boston Marathon,"April 17, 2000",Boston,MA,15680,10207,5473,2:09:47,2:26:11,3:41:39,0:34:26
